﻿{"cameraMode":{"drawMode":0,"name":"Shaded","section":"Shading Mode"},"sceneLighting":true,"audioPlay":false,"sceneViewState":{"showFog":true,"showMaterialUpdate":false,"showSkybox":true,"showFlares":true,"showImageEffects":true,"showParticleSystems":true},"in2DMode":false,"pivot":{"x":816.3145751953125,"y":445.16082763671877,"z":-880.524658203125},"rotation":{"x":-0.027305418625473977,"y":0.008094143122434616,"z":-0.00022101310605648905,"w":-0.9995959997177124},"size":160.55166625976563,"orthographic":false}